-- phpMyAdmin SQL Dump
-- version 4.9.5
-- https://www.phpmyadmin.net/
--
-- Host: localhost:3306
-- Generation Time: Jul 13, 2021 at 04:50 AM
-- Server version: 5.7.24
-- PHP Version: 7.4.1

SET SQL_MODE = "NO_AUTO_VALUE_ON_ZERO";
SET AUTOCOMMIT = 0;
START TRANSACTION;
SET time_zone = "+00:00";


/*!40101 SET @OLD_CHARACTER_SET_CLIENT=@@CHARACTER_SET_CLIENT */;
/*!40101 SET @OLD_CHARACTER_SET_RESULTS=@@CHARACTER_SET_RESULTS */;
/*!40101 SET @OLD_COLLATION_CONNECTION=@@COLLATION_CONNECTION */;
/*!40101 SET NAMES utf8mb4 */;

--
-- Database: `clothing_store`
--

-- --------------------------------------------------------

--
-- Table structure for table `categories`
--

CREATE TABLE `categories` (
  `id` bigint(20) UNSIGNED NOT NULL,
  `name` varchar(100) NOT NULL,
  `created_at` timestamp NULL DEFAULT NULL,
  `updated_at` timestamp NULL DEFAULT NULL
) ENGINE=InnoDB DEFAULT CHARSET=utf8;

--
-- Dumping data for table `categories`
--

INSERT INTO `categories` (`id`, `name`, `created_at`, `updated_at`) VALUES
(1, 'Костюмы и комплекты', '2021-07-12 18:49:28', '2021-07-12 18:49:28'),
(2, 'Футболки и топы', '2021-07-12 18:49:28', '2021-07-12 18:49:28'),
(3, 'Блузы и рубашки', '2021-07-12 18:49:28', '2021-07-12 18:49:28'),
(4, 'Платья', '2021-07-12 18:49:28', '2021-07-12 18:49:28'),
(5, 'Домашняя одежда', '2021-07-12 18:49:28', '2021-07-12 18:49:28'),
(6, 'Комбинезоны', '2021-07-12 18:49:28', '2021-07-12 18:49:28'),
(7, 'Брюки и шорты', '2021-07-12 18:49:28', '2021-07-12 18:49:28'),
(8, 'Верхняя одежда', '2021-07-12 18:49:28', '2021-07-12 18:49:28'),
(9, 'Свитера и кардиганы', '2021-07-12 18:49:28', '2021-07-12 18:49:28'),
(10, 'Джинсы', '2021-07-12 18:49:28', '2021-07-12 18:49:28'),
(11, 'Худи и толстовки', '2021-07-12 18:49:28', '2021-07-12 18:49:28');

-- --------------------------------------------------------

--
-- Table structure for table `migrations`
--

CREATE TABLE `migrations` (
  `id` int(10) UNSIGNED NOT NULL,
  `migration` varchar(255) NOT NULL,
  `batch` int(11) NOT NULL
) ENGINE=InnoDB DEFAULT CHARSET=utf8;

--
-- Dumping data for table `migrations`
--

INSERT INTO `migrations` (`id`, `migration`, `batch`) VALUES
(1, '2021_05_22_090102_create_categories_table', 1),
(2, '2021_05_22_090313_create_products_table', 1),
(3, '2021_05_22_090430_create_orders_table', 1),
(4, '2021_05_22_093743_create_product_lists_table', 1);

-- --------------------------------------------------------

--
-- Table structure for table `orders`
--

CREATE TABLE `orders` (
  `id` bigint(20) UNSIGNED NOT NULL,
  `fio` varchar(255) NOT NULL,
  `phone_number` varchar(20) NOT NULL,
  `email` varchar(100) NOT NULL,
  `address` text NOT NULL,
  `comments` text,
  `cost` decimal(8,2) NOT NULL,
  `created_at` timestamp NULL DEFAULT NULL,
  `updated_at` timestamp NULL DEFAULT NULL
) ENGINE=InnoDB DEFAULT CHARSET=utf8;

-- --------------------------------------------------------

--
-- Table structure for table `products`
--

CREATE TABLE `products` (
  `id` bigint(20) UNSIGNED NOT NULL,
  `name` varchar(150) NOT NULL,
  `description` text NOT NULL,
  `price` decimal(6,2) NOT NULL,
  `category_id` bigint(20) UNSIGNED NOT NULL,
  `image` text NOT NULL,
  `vendor_code` varchar(50) NOT NULL,
  `characteristics` text NOT NULL,
  `created_at` timestamp NULL DEFAULT NULL,
  `updated_at` timestamp NULL DEFAULT NULL
) ENGINE=InnoDB DEFAULT CHARSET=utf8;

--
-- Dumping data for table `products`
--

INSERT INTO `products` (`id`, `name`, `description`, `price`, `category_id`, `image`, `vendor_code`, `characteristics`, `created_at`, `updated_at`) VALUES
(1, 'Костюм: кроп-свитшот + джоггеры', '\n			Арт. 100194\n\nКостюм: кроп-свитшот и джоггеры для современной и стильной девушки! Ведь комфорт всегда в тренде! \n\n• Свободный крой\n• Укороченная толстовка\n• Круглый вырез из кашкорсе\n• Рукава реглан без манжета с подгибом\n• низ изделия с открытым срезом, обработанным двойной отстрочкой\n• Эластичный пояс\n• Высокая посадка\n• Два боковых кармана\n• Низ брюк с кулиской с регулируемой шляпной резинкой, фиксатором и удерживающей петлей\n\n\nОБРАЗ:\n\nНа модели размер S, рост модели 170 см		', '5490.00', 1, 'https://serovski.ru:443/upload/iblock/ad9/9da1ppt3z0okxbqw0cekwenh2rjncjlx.jpg', '100194', '\n                                    Кроп-свитшот:Длина изделия по спинке: 36 см (XS), 36 см (S), 37 см (M)Ширина изделия на уровне груди: 49 см (XS), 51 см (S), 53 см (M)Обхват горловины: 44 см (XS), 46 см (S), 46 см (M)Длина рукава+плечо: 71 см (XS), 72 см (S), 73 см (M)Джоггеры:Длина резинки пояса: 64 см (XS), 66 см (S), 68 см (M)Длина по боковому шву: 97 см (XS), 98 см (S), 98 см (M)Ширина по низу: 23 см (XS), 24 см (S), 25 см (M)Длина резинки по низу: 23 см (XS), 24 см (S), 25 см (M)                                ', '2021-07-12 18:49:28', '2021-07-12 18:49:28'),
(2, 'Костюм: кофта + шорты ', '\n			Арт. 100057\n\nКомплект: шорты и свободный джемпер - идеальное и супер стильное комбо! Костюм сшит из хлопковой трикотажной ткани высокого качества. Шорты на высокой талии комфортной длины идеально подчёркивают ножки, а джемпер свободного кроя с длинным рукавом - то что нужно этим летом.\n\n• Свободный крой\n• Кофта oversize\n• Заниженная линия плеча\n• Завышенная талия\n• Пояс на резинке\n• Боковые карманы\n• Шорты с поворотами\n\nОБРАЗ:\nНа модели раземр S, рост модели 167 см		', '2490.00', 1, 'https://serovski.ru:443/upload/iblock/5d4/8tz51huq2oalpzh2jo7293cw2sn897gf.jpg', '100057', '\n                                    Ширина кофты под проймой: 62 см (S), 62 см (M)Длина кофты (с планкой горловины): 65,8 см (S), 65,8 см (M)Длина рукава: 45,5 см (S), 45,5 см (M)Длина шорт по боковому шву: 40,6 см (S), 40,9 см (M)Ширина шорт на уровне обхвата бедер: 52 см (S), 54 см (M)                                ', '2021-07-12 18:49:28', '2021-07-12 18:49:28'),
(3, 'Костюм с укороченной толстовкой ', '\n			Арт. 100140\n\nКостюм: укороченная толстовка и джоггеры. Хлопковый костюм, о котором ты давно мечтала! Хоть костюм и в спортивном стиле, он прекрасно впишется в твои повседневные городские образы и станет любимой вещью в гардеробе. \n\n• Фирменный логотип на толстовке\n• Свободный крой\n• Укороченная толстовка\n• Эластичные манжеты\n• Заниженная линия плеч\n• Перед и спинка с широким притачным поясом\n• Свободный крой в области бедер, зауженный крой штанин\n• Эластичный пояс\n• Два боковых кармана\n• Манжеты и нижняя кромка в рубчик\n\nОБРАЗ:\nНа модели размер S, рост 167 см		', '4490.00', 1, 'https://serovski.ru:443/upload/iblock/86a/b709o1itkydnjlnglgqiqyrplyj0gyy2.jpg', '100140', '\n                                    Толстовка:\nШирина в районе обхвата груди: 98 см (S), 100 см (M), 102 см (L)\nШирина по резинке: 72 см (S), 76 см (M), 80 см (L)\nДлина рукава: 72 см (S), 72 см (M), 72 см (L)\n\nДжоггеры:\nШирина резинки: 68 см (S), 69 см (M), 72 см (L)\nШирина изделия в районе обхвата бедер: 114 см (S), 118 см (M), 122 см (L)\nВысота посадки спереди: 28 см (S), 30 см (M), 31 см (L)\nДлина брюк: 97 см (S), 97 см (M), 97 см (L)                                ', '2021-07-12 18:49:28', '2021-07-12 18:49:28'),
(4, 'Свитшот + брюки клёш', '\n			Арт. 100180\n\nКостюм: джемпер из футера с декоративной застройкой и брюки-клеш со стрелками. Покоряй, восхищай и наслаждайся вниманием! Этот костюм просто создан для твоих крутых образов!\n\n• Классический крой\n• Широкий воротничок\n• Декоративная застрочка спереди\n• Эластичные манжеты\n• Перед и спинка с широким притачным поясом\n• Манжеты и нижняя кромка в рубчик\n• Брюки расклешенные от бедра\n• Высокая посадка\n• Два боковых кармана\n• застроченные стрелки спереди\n• эластичный пояс в рубчик\n\nОБРАЗ:\nНа модели размер S, рост модели 165 см		', '5790.00', 1, 'https://serovski.ru:443/upload/iblock/5ad/9194st3uzk0giqaghd47qtjevsse85i0.jpg', '100180', '\n                                    СВИТШОТ\nДлина изделия по спинке: 47 см (XS); 48 см (S); 49 см (M);\nОбхват по груди: 92 см (XS); 96 см (S); 100 см (M);\nОбхват манжета: 21 см (XS); 22 см (S); 23 см (M);\nОбхват низа изделия: 74 см (XS); 76 см (S); 78 см (M);\nДлина рукава: 62 см (XS); 63 см (S); 64 см (M);\n\nБРЮКИ:\nДлина изделия: 109 см (XS); 110 см (S); 111 см (M);\nШирина штанины по низу: 30 см (XS); 32 см (S); 34 см (M);\nОбхват бедер: 84 см (XS); 88 см (S); 92 см (M);\nОбхват талии (резинка): 65 см (XS); 68 см (S); 71 см (M);                                ', '2021-07-12 18:49:28', '2021-07-12 18:49:28'),
(5, 'Бомбер + брюки с подгибом ', '\n			Арт. 100179\n\nКостюм: бомбер на молнии и брюки бананы. Поиски окончены - вот он твой любимый весенний костюм! \n\n• Свободный крой\n• Бейсбольный воротник\n• Застежка на молнии\n• Рукав реглан\n• Эластичные манжеты\n• Перед и спинка с широким притачным поясом\n• Манжеты и нижняя кромка в рубчик\n• Зауженный фасон брюк\n• Укороченная модель\n• Высокая посадка\n• Два боковых кармана\n• Эластичный пояс в рубчик\n\n\nОБРАЗ: На модели размер S, рост модели 165 см		', '6290.00', 1, 'https://serovski.ru:443/upload/iblock/d43/xdspwlwfp71f7j0hc3c21cg1llef3bba.jpg', '100179', '\n                                    БОМБЕР\nДлина изделия по спинке (без воротника): 45 см (XS); 45 см (S); 45 см (M);\nОбхват по груди: 104 см (XS); 108 см (S); 112 см (M);\nОбхват по вороту: 40 см (XS); 42 см (S); 44 см (M);\nОбхват манжета: 18 см (XS); 20 см (S); 22 см (M);\nОбхват низа изделия: 70 см (XS); 74 см (S); 78 см (M);\nДлина рукава: 62 см (XS); 63 см (S); 64 см (M);\n\nБРЮКИ:\nДлина изделия по боковому шву: 99 см (XS); 100 см (S); 101 см (M);\nДлина изделия по шаговому шву: 69 см (XS); 70 см (S); 71 см (M);\nШирина штанины по низу: 16 см (XS); 18 см (S); 20 см (M);\nОбхват бедер: 86 см (XS); 90 см (S); 94 см (M);\nОбхват талии (резинка): 64 см (XS); 66 см (S); 68 см (M);                                ', '2021-07-12 18:49:28', '2021-07-12 18:49:28'),
(6, 'Костюм утепленный ', '\n			Арт. 100167\n\nУтепленный костюм: худи с капюшоном и брюки. Костюм выполнен из футера с начесом, который не даст замёрзнуть даже в самые сильные морозы! Они сшиты по специальной хитрой технологии, которая позволяет выглядеть любой фигуре более стройной!!\n\n• Фирменный логотип на худи\n• Классический крой\n• Капюшон со шнурком\n• Эластичные манжеты\n• Заниженная линия плеч\n• Накладной карман\n• Свободный крой худи\n• Перед и спинка с широким притачным поясом\n• Узкий крой брюк\n• Эластичный пояс на шнурке\n• Завышенная талия\n• Два боковых кармана\n• Манжеты и нижняя кромка в рубчик		', '5990.00', 1, 'https://serovski.ru:443/upload/iblock/0aa/blinvx8nm8y6zsbexkdd92bdk00x012d.jpg', '100167', '\n                                    ХУДИ:\nШирина изделия в районе обхвата груди: 55 см (XS); 59 см (S); 61 см (M); 63 см (L); 63 см (XL);\nШирина изделия в районе обхвата талии: 48 см (XS); 50 см (S); 52 см (M); 54 см (L); 55 см (XL);\nШирина изделия по низу: 43 см (XS); 46 см (S); 46 см (M); 48 см (L); 49 см (XL);\nДлина рукава от предплечья: 68 см (XS); 71 см (S); 71 см (M); 71 см (L); 71 см (XL);\nДлинна изделия: 52 см (XS); 55 см (S); 55 см (M); 55 см (L); 55 см (XL);\n\nБРЮКИ:\nШирина изделия в районе обхвата талии: 30 см (XS); 30 см (S); 32 см (M); 35 см (L); 37 см (XL);\nШирина изделия в районе обхвата бедер: 43 см (XS); 45 см (S); 47 см (M); 49 см (L); 51 см (XL);\nДлина брюк: 100 см (XS); 100 см (S); 100 см (M); 100 см (L); 102 см (XL);\nДлинна брюк по внутреннему шву: 75 см (XS); 75 см (S); 75 см (M); 75 см (L); 75 см (XL);                                ', '2021-07-12 18:49:28', '2021-07-12 18:49:28'),
(7, 'Костюм \"Мама\" new', '\n			Арт. 100161\n\nСпортивный костюм: худи с капюшоном и брюки. Костюм выполнен из футера, который не вытягивается со временем, и при правильном уходе сохраняет прекрасный внешний вид надолго. Удобный теплый костюм идеально подойдет для будущих мам, так как имеет два «кармашка» на молнии на груди. Худи свободного кроя будет хорошо сидеть даже с беременным животиком. \n\n• Фирменный логотип на худи\n• Классический крой\n• Капюшон со шнурком\n• Эластичные манжеты\n• Заниженная линия плеч\n• Накладной карман\n• Два кармана для кормления на груди\n• Свободный крой худи\n• Перед и спинка с широким притачным поясом\n• Узкий крой брюк\n• Эластичный пояс на шнурке\n• Завышенная талия\n• Пояс на резинке\n• Два боковых кармана\n• Манжеты и нижняя кромка в рубчик\n\nОБРАЗ:\nНа модели размер S, рост 164 см\nНа модели Plus Size размер L, рост 162 см.		', '3990.00', 1, 'https://serovski.ru:443/upload/iblock/a30/6ex410d1a4s03kuthp12pixyl312ocaf.jpg', '100161', '\n                                    Ширина толстовки в районе обхвата груди: 58 см (S), 60 см (M), 62 см (L)Ширина толстовки в районе обхвата талии: 49 см (S), 50 см (M), 51 см (L)Длина толстовки (включая пояс): 54 см (S),  см (M),  см (L)Длина рукава: 46 см (S), 46 см (M), 46 см (L)Длина рукава от плеча: 64 см (S), 64 см (M), 64 см (L)Длина брюк: 103 см (S), 103 см (M), 103 см (L)Ширина брюк на уровне обхвата талии (резинка): 29 см (S), 32 см (M), 32 см (L)Ширина брюк в районе обхвата бедер: 47 см (S), 49 см (M), 51 см (L)                                ', '2021-07-12 18:49:28', '2021-07-12 18:49:28'),
(8, 'Костюм HYPE c длинной толстовкой', '\n			Арт. 100154\n\nКостюм: удлиненное худи и брюки.  Определенно твой самый классный спортивный и в то же время, стильный образ. Костюм выполнен из плотного хлопкового трикотажа, приятного к коже. Наслаждайся комфортом вместе с SEROVSKI\n\n• Фирменный логотип на худи и брюках\n• Классический крой\n• Удлиненный фасон\n• Капюшон\n• Эластичные манжеты в рубчик\n• Свободный крой худи\n• Перед и спинка с широким притачным поясом\n• Свободный крой брюк\n• Эластичный пояс на шнурке\n• Средняя посадка\n• Два боковых кармана\n• Манжеты и нижняя кромка в рубчик\n\nОБРАЗ:\nМодель брюнетка: рост 169 см\nМодель блондинка: рост 175 см\nМодель мулатка: рост 170 см		', '5990.00', 1, 'https://serovski.ru:443/upload/iblock/57e/lo8rlqyu1zukcrpox7l0o1ia9a9dawps.jpg', '100154', '\n                                    Ширина худи в районе обхвата груди: 57 см (S); 59 см (М)Длина худи: 76 см (S); 78 см (М)Длина рукава: 70 см (S); 70 см (М)Длина брюк: 100 см (S); 100 см (М)Ширина изделия в районе обхвата талии: 34 см (S); 35 см (М)Ширина изделия в районе обхвата бедер: 52 см (S); 54 см (М)                                ', '2021-07-12 18:49:28', '2021-07-12 18:49:28'),
(9, 'Костюм с укороченной толстовкой утепленный', '\n			Арт. 100064\n\nУтепленный костюм: укороченная толстовка и брюки. Костюм выполнен из футера с начесом, который не даст замёрзнуть даже в самые сильные морозы! Они сшиты по специальной хитрой технологии, которая позволяет выглядеть любой фигуре более стройной!! \n\n• Фирменный логотип на толстовке\n• Классический крой\n• Укороченная толстовка\n• Капюшон\n• Эластичные манжеты\n• Заниженная линия плеч\n• Перед и спинка с широким притачным поясом\n• Узкий крой брюк\n• Эластичный пояс на шнурке\n• Завышенная талия\n• Два боковых кармана\n• Манжеты и нижняя кромка в рубчик		', '3790.00', 1, 'https://serovski.ru:443/upload/iblock/8f2/qywlbk38fq1822diu9x6binlh26knt88.jpg', '100064', '\n                                    a:2:{s:4:\"TYPE\";s:4:\"HTML\";s:4:\"TEXT\";s:0:\"\";}                                ', '2021-07-12 18:49:28', '2021-07-12 18:49:28'),
(10, 'Костюм: кроп-топ + велосипедки', '\n			Арт. 100049\n\nВязаный кроп-топ и велосипедки абсолютный must have любой модницы. Вертикальный рубчик вытягивает силуэт и стройнит. Благодаря широкой резинке на талии и эластичному материалу идеально садятся по фигуре.Носи как комплект или по раздельности. Совмещай с удлиненным жакетом или джинсовкой.\n\n• Классический крой\n• Укороченный топ\n• Высокая посадка шорт\n• Облегающий крой\n• Нерегулируемые бретели\n• Овальный вырез спереди и сзади\n\nОБРАЗ:\n\nРост модели: 169 см\nРазмер на модели: 40		', '1990.00', 1, 'https://serovski.ru:443/upload/iblock/921/pk68e6s178tvxyx6go4phmh4gkzz4g5n.jpg', '100049', '\n                                    Обхват груди: 74-82 см (38-40), 82-90 (42-44)\nОбхват талии: 54-62 см (38-40), 62-70 (42-44)\nОбхват бедер: 82-90 см (38-40), 90-98 (42-44)                                ', '2021-07-12 18:49:28', '2021-07-12 18:49:28'),
(11, 'Костюм: джемпер + бермуды', '\n			Арт. 100050\n\nВязаный джемпер с бермудами. Носи как костюм или составляй крутые образы! В жару замени джемпер на укороченый топ или футболку, а когда в бермудах будет ходить уже прохладно, носи джемпер с джинсами или брюками \n\n• Свободный крой\n• Тонкая вязка\n• Джемпер oversize\n• Заниженная линия плеча\n• Рельефная обвязка по горловине, низу рукавов и нижнему краю\n• высокая посадка шорт\n• Эластичный пояс со шнурком\n• Декоративный нижний край у шорт\n\nОБРАЗ:\nМолочный комплект:\nРост модели: 169 см\nРазмер на модели: 40-42\n\nГолубой комплект:\nРост модели: 165 см\nРазмер на модели: 40-42		', '2990.00', 1, 'https://serovski.ru:443/upload/iblock/8b9/i2x67rrl0ddl5afrdvuyh2prhymov4i2.jpg', '100050', '\n                                    Обхват груди: 78-86 см (40-42), 86-94 (44-46)\nОбхват талии: 58-66 см (40-42), 66-74 (44-46)\nОбхват бедер: 86-94 см (40-42), 94-102 (44-46)                                ', '2021-07-12 18:49:28', '2021-07-12 18:49:28'),
(12, 'Костюм эко-лён', '\n			Арт. 100069\n\nКостюм: кофта + брюки. \n\n• Свободный крой\n• Кофта oversize\n• Круглый вырез\n• Заниженная линия плеча\n• Завышенная талия\n• Эластичный пояс на шнурке в тон \n• Боковые карманы\n\n\nОБРАЗ:\n\nРост модели: 169 см\nРазмер на модели: 42		', '2290.00', 1, 'https://serovski.ru:443/upload/iblock/9e0/npcwktfx2h61uie8spghpqnnal60i9if.jpg', '100069', '\n                                    Обхват груди: 100 см (42), 106 см (44), 108 см (46)\nДлина кофты: 62 см (42), 63 см (44), 64 см (46)\nДлина рукава: 25 см (42), 25 см (44), 25 см (46)\nОбхват бедер: 96 см (42), 104 см (44), 112 см (46)\nОбхват талии по резинке: 62 см (42), 66 см (44), 68 см (46)\nДлина брюк (внешний шов): 83 см (42), 86 см (44), 90 см (46)\nДлина брюк (внутренний шов): 57 см (42), 61 см (44), 63 см (46)                                ', '2021-07-12 18:49:28', '2021-07-12 18:49:28'),
(13, 'Топ кашкорсе', '\n			Кроп-топ из кашкорсе. Эластичная ткань в рубчик вытягивает силуэт. Потрясающе смотрится с моделями полуприлегающего или свободного кроя с высокой посадкой.\n\n• Круглый вырез\n• Облегающая модель\n• Фигурная спинка в форме майки-борцовки\n• Укороченная длина\n\nОБРАЗ:\n\nРост модели: 165 см\nРазмер на модели: S		', '699.00', 2, 'https://serovski.ru:443/upload/iblock/f0c/9n73susvkd9hmosslfz46t6jt76zu2ki.jpg', '969710', '\n                                    Длина изделия: 40 см (XS); 40 см (S); 40 см (M)Ширина изделия в районе обхвата груди: 33 см (XS); 35 см (S); 37 см (M)                                ', '2021-07-12 18:49:28', '2021-07-12 18:49:28'),
(14, 'Платье-футболка', '\n			Арт. 100195\n\nПлатье футболка из однотонной хлопковой ткани.\n\n• Фирменный логотип в тон ткани\n• Прямой силуэт\n• Круглый вырез\n• Воротник из кашкорсе\n• Классический крой\n\nОБРАЗ:\n\nРост модели: 170 см\nРазмер на модели: XS		', '2990.00', 2, 'https://serovski.ru:443/upload/iblock/89d/9n99416rstb29g4q9fo47ryfu9bbnx7a.jpg', '100195', '\n                                    Ширина изделия на уровне груди/бедер: 44 см (XS), 46 см (S), 48 см (M)Длина изделия по спинке: 80 см (XS), 81 см (S), 82 см (M)Длина рукава: 15 см (XS), 16 см (S), 17 см (M)                                ', '2021-07-12 18:49:28', '2021-07-12 18:49:28'),
(15, 'Футболка Regular Тай-Дай unisex', '\n			Арт. 100192\n\nХлопковая футболка полуприталенного силуэта с модным принтом тай-дай.\n\n• Классический крой\n• Принт тай-дай\n• Круглый вырез\n\nОБРАЗ:\n\nНа Никите: размер L\nНа модели размер M\n		', '1790.00', 2, 'https://serovski.ru:443/upload/iblock/8a1/e69k90l2a6jtg21pnh2m6s78cmryopfk.jpg', '100192', '\n                                    Ширина изделия в районе обхвата груди:  51 см (S); 53 см (M); 55 см (L);Обхват горловины: 48 см (S); 50 см (M); 52 см (L);Длина изделия: 74 см (S); 75 см (M); 76 см (L);Длина рукава: 24 см (S); 25 см (M); 26 см (L);                                ', '2021-07-12 18:49:28', '2021-07-12 18:49:28'),
(16, 'Боди с пуговицами Paris', '\n			Арт. 100139\n\nБоди Paris. Элегантная и практичная база для твоих крутых образов. Эластичная ткань в рубчик вытягивает силуэт. Потрясающе смотрится с моделями полуприлегающего или свободного кроя с высокой посадкой.\n\n• Квадратный вырез\n• Укороченная планка на пуговицах\n• Длинные рукава\n• Облегающий крой\n• Плотная посадка\n\nОБРАЗ:\n\nРост модели: 164 см\nРазмер на модели: S\n\nРост модели в бордовом боди: 169 см\nРазмер на модели: XS\n\nРост модели белом боди: 164 см\nРазмер на модели: XS		', '2190.00', 2, 'https://serovski.ru:443/upload/iblock/755/kscnghiqrxmk6bivjupv09kl1shzjkhc.jpg', '100139', '\n                                    Длина (от выреза до низа)- 59 см (XS); 60 см (S), 60 см (M)Длина - 69 см (XS); 70 см (S), 70 см (M)Ширина изделия в груди - 35 см (XS); 40 см (S), 40 см (M)Ширина изделия в районе талии - 30 см (XS); 32 см (S), 33 см (M)Ширина изделия в нижней самой широкой части - 36 см (XS); 37 см (S), 38 см (M)Длина рукава - 62 см (XS); 60 см (S), 60 см (M)                                ', '2021-07-12 18:49:28', '2021-07-12 18:49:28'),
(17, 'Боди-майка New York', '\n			Арт. 100138\n\nБоди New York. Как майка, только лучше! Больше нет необходимости заправлять топ. Эластичная ткань в рубчик вытягивает силуэт. Потрясающе смотрится с моделями полуприлегающего или свободного кроя с высокой посадкой.\n\n• Глубокий вырез\n• Глубокий овальный вырез на спине\n• Облегающий крой\n• Плотная посадка\n\nОБРАЗ:\n\nРост модели: 164 см\nРазмер на модели: S		', '1190.00', 2, 'https://serovski.ru:443/upload/iblock/7cc/76lj5k17tka46c1xi0d1uy116yuxac32.jpg', '100138', '\n                                    Длина (от выреза до низа)- 60 см\nШирина изделия в груди - 38 см\nШирина изделия в районе талии - 31 см\nШирина изделия в нижней самой широкой части - 37 см                                ', '2021-07-12 18:49:28', '2021-07-12 18:49:28'),
(18, 'Боди V-вырез, London', '\n			Арт. 100151\n\nБоди London. Класический фасон с V-образным вырезом. Эластичная ткань в рубчик вытягивает силуэт. Потрясающе смотрится с моделями полуприлегающего или свободного кроя с высокой посадкой.\n\n• V-образным вырезом\n• Длинные рукава\n• Облегающий крой\n• Плотная посадка\n\nОБРАЗ:\n\nМодель в белом боди:\nРост модели: 169\nРазмер на модели: XS\n\nМодель в черном боди:\nРост модели: 164\nРазмер на модели: XS\n\nМодель в розовом боди:\nРост модели: 169\nРазмер на модели: S		', '1790.00', 2, 'https://serovski.ru:443/upload/iblock/70c/su166q2v6yi1b9tvvlp2dk50sxoo9ar6.jpg', '100151', '\n                                    Длина  изделия - 60 см (S), 60 см (M)\nШирина изделия в груди - 40 см (S), 42 см (M)\nШирина изделия в районе талии - 32 см (S), 34 см (M)\nШирина изделия в нижней самой широкой части - 38 см (S), 40 см (M)\nДлина рукава - 56 см (S), 56 см (M)                                ', '2021-07-12 18:49:28', '2021-07-12 18:49:28'),
(19, 'Топ с длинным рукавом ', '\n			Арт. 100152\n\nКроп-топ с длинным рукавом. Эластичная ткань в рубчик вытягивает силуэт. Потрясающе смотрится с моделями полуприлегающего или свободного кроя с высокой посадкой.\n\n• Широкий круглый вырез\n• Облегающая модель\n• Длинные рукава\n• Укороченная длина\n\nОБРАЗ:\n\nРост модели: 165 см\nРазмер на модели: S		', '1499.00', 2, 'https://serovski.ru:443/upload/iblock/ca0/jbj1i4gxu6l11r8mnqujrmtaqwax21on.jpg', '100152', '\n                                    Длина изделия по спинке: 34 см (S); 34 см (M)\nШирина изделия в районе обхвата груди: 42 см (S); 43 см (M)\nШирина изделия в районе обхвата талии: 37 см (S); 38 см (M)\nШирина изделия по низу изделия: 35 см (S); 36 см (M)\nДлина рукава: 60 см (S); 60 см (M)                                ', '2021-07-12 18:49:28', '2021-07-12 18:49:28'),
(20, 'Футболка Regular unisex', '\n			Арт. 100187\n\nХлопковая футболка полуприталенного силуэта. Вечная классика и необходимая база. Сочетается с любой вещью из твоего гардероба.\n\n• Классический крой\n• Круглый вырез\n• Воротник из основной ткани\n\nОБРАЗ:\n\nНа Наде размер S\nНа Никите размер M		', '1290.00', 2, 'https://serovski.ru:443/upload/iblock/4ef/kjqec0i9fyg7scbkh3f1vwirqcwfl0uc.jpg', '100187', '\n                                    Длина изделия по спинке:  69 см (S); 70 см (M); 71 см (L);Обхват по груди: 114 см (S); 118 см (M); 122 см (L);Длина рукава: 25 см (S); 26 см (M); 27 см (L);                                ', '2021-07-12 18:49:28', '2021-07-12 18:49:28'),
(21, 'Футболка укороченная ', '\n			Арт. 100127\n\nУкороченная хлопковая футболка. Серый цвет идеально гармонирует с белоснежной рибаной на воротнике и рукавах. А красивый округлённый вырез выгодно подчёркивает и удлиняет шею. И, конечно, у самого сердца красуется наш фирменный логотип SEROVSKI.\n\n• Фирменный логотип\n• Круглый вырез\n• Обтягивающий крой\n• Укороченная длина		', '690.00', 2, 'https://serovski.ru:443/upload/iblock/2dd/1d2t3dhb77ds0lmqltpqoa1il9mgfm7y.jpg', '100127', '\n                                    Длина изделия: 34 см (40), 34,5 см (42), 35 см (44), 35,5 см (46)\nДлина рукава: 15,5 см (40), 16 см (42), 16,5 см (44), 17 см (46)\nШирина рукава вверху: 14 см (40), 14,6 см (42), 15,2 см (44), 15,9 см (46)\nШирина рукава внизу (по манжете): 12,5 см (40), 13,1 см (42), 13,7 см (44), 14,3 см (46)\nШирина изделия под проймой: 39 см (40), 41 см (42), 43 см (44), 45 см (46)\nШирина изделия по низу: 29,8 см (40), 31,8 см (42), 33,8 см (44), 35,8 см (46)                                ', '2021-07-12 18:49:28', '2021-07-12 18:49:28'),
(22, 'Футболка OVERSIZE unisex', '\n			Арт. 100186\n\nХлопковая футболка в стиле oversize. Объемная и стильная. Она тебе просто необходима :)\n\n• Модель в стиле oversize\n• Удлиненный рукав\n• Круглый вырез\n• Прямой силуэт\n• Высокий воротник из рибаны\n\nОБРАЗ:\n\nНа моделях размер М\nРост модели девушки: 165 см\nРост модели мужчины: 188 см		', '2490.00', 2, 'https://serovski.ru:443/upload/iblock/e2a/xny9t3xq4twe3f1qb0cz0iirycshl1og.jpg', '100186', '\n                                    Длина изделия по спинке:  72 см (XS);  73 см (S); 74 см (M); 75 см (L);Обхват по груди: 124 см (XS);  128 см (S); 132 см (M); 136 см (L);Длина рукава: 29 см (XS);  30 см (S); 31 см (M); 32 см (L);Длина плеча и рукава: 53 см (XS);  54 см (S); 55 см (M); 56 см (L).                                ', '2021-07-12 18:49:28', '2021-07-12 18:49:28'),
(23, 'Водолазка укороченная на молнии ', '\n			Арт. 100112\n\nУкороченная водолазка из мягкого трикотажа лапша, отлично тянется и изящно облегает фигуру. Тонкая, но одновременно тёплая, и невероятно приятная к телу - она тебе просто необходима! Водолазка не мнется, практически не растягивается и не садится со временем. А ещё стройнит и очень комфортна к телу.\n\n• Круглый вырез\n• Облегающий крой\n• Укорочнная модель\n• Застежка молния\n• Длинные рукава\n• Классический крой		', '1190.00', 2, 'https://serovski.ru:443/upload/iblock/0a1/hlvstpl3irw2f9jq7ld0bqyztxwdhj2o.jpg', '100112', '\n                                    Ширина изделия под проймой: 35,5 см (40), 37,5 см (42), 39,5 см (44), 41,5 см (46)Ширина изделия по низу: 26 см (40), 28 см (42), 30 см (44), 32 см (46)Ширина рукава вверху: 12,2 см (40), 12,8 см (42), 13,4 см (44), 14,1 см (46)Ширина рукава внизу: 7,9 см (40), 8,1 см (42), 8,2 см (44), 8,4 см (46)Длина изделия: 34,8 см (40), 35,2 см (42), 35,6 см (44), 36 см (46)                                ', '2021-07-12 18:49:28', '2021-07-12 18:49:28'),
(24, 'Топ ', '\n			Арт. 100136\n\nВязанный топ на бретелях - идеальная база для твоего гардероба. Мягкий, стильный, потрясающий!! Носи его с джинсами и нашим кардиганом, с шортами или брюками, да с чем угодно! Он максимально универсален.\n\n• Топ на лямках\n• V-образный вырез спереди и сзади\n• Облегающий крой\n• Материал в рубчик\n\nОБРАЗ:\n\nРост модели: 169 см\nРазмер на модели: onesize		', '1190.00', 2, 'https://serovski.ru:443/upload/iblock/141/lzfaf66bs1cvjixiz18bbopr3hszn1m0.jpg', '100136', '\n                                    Ширина изделия в обхвате груди: 39 см\nДлина изделия: 58 см                                ', '2021-07-12 18:49:28', '2021-07-12 18:49:28'),
(25, 'Футболка classic', '\n			Арт. 100125\n\nФутболка из 100% хлопка. Идеальная база для крутых и стильных образов!\n\n• Фирменный логотип на футболке молочного цвета и моккачино\n• Круглый вырез\n• Классический крой		', '1190.00', 2, 'https://serovski.ru:443/upload/iblock/67e/mznphsdh3xeprulmy0yvbe7j6jvekuf8.jpg', '100125', '\n                                    Обхват груди: 88 см (S), 92 см (M), 96 см (L)Обхват талии: 84 см (S), 88 см (M), 92 см (L)Длина изделия: 56 см (S), 57 см (M), 58 см (L)                                ', '2021-07-12 18:49:28', '2021-07-12 18:49:28'),
(26, 'Футболка с цельным рукавом', '\n			Арт. 100128\n\nФутболка из 100% хлопка с цельным рукавом. Станет отличной основой для крутых и стильных образов! \n\n• Фирменный логотип (на всех кроме белых)\n• Цельнокроеный рукав\n• Круглый вырез\n• Прямой силуэт\n• Классический крой		', '1190.00', 2, 'https://serovski.ru:443/upload/iblock/277/w27i8th4z4wz7hk88zxp6u4o0mwtfm9u.jpg', '100128', '\n                                    Обхват груди: 104 см (S), 108 см (M), 112 см (L)\nОбхват талии: 92 см (S), 96 см (M), 100 см (L)\nДлина изделия: 61 см (S), 61,5 см (M), 62 см (L)                                ', '2021-07-12 18:49:28', '2021-07-12 18:49:28'),
(27, 'Футболка oversize', '\n			Арт. 100126\n\nХлопковая футболка в стиле oversize. Станет отличной основой для крутых и стильных образов! \n\n• Фирменный логотип (на всех кроме белых)\n• Модель в стиле oversize\n• Цельнокроеный рукав\n• Круглый вырез\n• Прямой силуэт\n• Классический крой		', '1190.00', 2, 'https://serovski.ru:443/upload/iblock/3cc/93nintkscklk1xcjuu9ffoubd6111gqs.jpg', '100126', '\n                                    Обхват груди: 108 см (S), 110 см (M), 112 см (L)\nОбхват талии: 92 см (S), 96 см (M), 100 см (L)\nДлина изделия: 60 см (S), 61,5 см (M), 62 см (L)                                ', '2021-07-12 18:49:28', '2021-07-12 18:49:28'),
(28, 'Блузка с воланами', '\n			Арт. 100007\n\nБлузка свободного кроя с воланами и рукавом 3/4. Блузка выполнена из качественного 100% хлопка. Элегантная и легкая модель идеальна как для офисного так и повседневного образа. Рекомендуем сочетать с брюками, джинсами-скинни или юбкой карандаш.\n\n• Прямой крой\n• Спущенная линия плеча\n• Застежка на пуговицах\n• Длина рукава 3/4\n\nОБРАЗ:\nРазмер на модели: 42\nРост модели: 165 см\n\n\n\n 		', '1890.00', 3, 'https://serovski.ru:443/upload/iblock/a45/bx7fdr0qrcpafx70nuu9hzbpeqkngkur.jpg', '100007', '\n                                    Обхват груди: 116 см (44), 118 (46), 122 (48) 	 Обхват по низу: 116 см (44), 118 (46), 122 (48)			Длина рукава: 52 см (44), 52,5 (46), 53 (48)		Длина изделия: 65 см (44), 66 (46), 68 (48)                                ', '2021-07-12 18:49:28', '2021-07-12 18:49:28'),
(29, 'Платье Кашкорсе', '\n			Платье-майка из кашкорсе приталеного силуэта. Эластичная ткань в рубчик вытягивает силуэт, изящно подчеркивая силуэт.\n\n• Круглый вырез\n• Облегающая модель\n• Длина миди\n• Фигурная спинка в форме майки-борцовки\n\nОБРАЗ:\n\nРост модели: 165 см\nРазмер на модели: S		', '1290.00', 4, 'https://serovski.ru:443/upload/iblock/6dc/b6tlov1dwjfos3kfgx591cmaenj52zsx.jpg', '381207', '\n                                    Длина изделия: 110 см (XS); 110 см (S); 110 см (M)Ширина изделия в районе обхвата груди: 33 см (XS); 35 см (S); 37 см (M)Ширина изделия в районе обхвата бедер: 38 см (XS); 40 см (S); 42 см (M)                                ', '2021-07-12 18:49:28', '2021-07-12 18:49:28'),
(30, 'Платье-футболка', '\n			Арт. 100195\n\nПлатье футболка из однотонной хлопковой ткани.\n\n• Фирменный логотип в тон ткани\n• Прямой силуэт\n• Круглый вырез\n• Воротник из кашкорсе\n• Классический крой\n\nОБРАЗ:\n\nРост модели: 170 см\nРазмер на модели: XS		', '2990.00', 4, 'https://serovski.ru:443/upload/iblock/89d/9n99416rstb29g4q9fo47ryfu9bbnx7a.jpg', '100195', '\n                                    Ширина изделия на уровне груди/бедер: 44 см (XS), 46 см (S), 48 см (M)Длина изделия по спинке: 80 см (XS), 81 см (S), 82 см (M)Длина рукава: 15 см (XS), 16 см (S), 17 см (M)                                ', '2021-07-12 18:49:28', '2021-07-12 18:49:28'),
(31, 'Платье \"Лапша\"', '\n			Арт. 100137\n\nВязаное платье для твоих стильных осенних луков! Тёплое, уютное, потрясающее платье на осень! Идеальная длина, базовый цвет и вязка в вертикальную полоску зрительно вытягивают силуэт, создавая элегантный женственный образ.⠀\n⠀\nДополни его кожаной курткой, стильным тренчем или пальто, добавь модную сумочку и вперёд: на работу или прогулку, свидание или деловую встречу.\n\n• Круглый вырез\n• Длинные рукава\n• Облегающий крой\n• Слегка расклешенная юбка\n• Эластичные манжеты\n\n\nОБРАЗ:\n\nРост модели: 169\nРазмер на модели: 40-42\n\nОбраз дополнен: пальто (арт. 100016)		', '3190.00', 4, 'https://serovski.ru:443/upload/iblock/6db/5j9quhfy23u2cy42t9rqjec2bbu5zpiw.jpg', '100137', '\n                                    Обхват груди (ширина изделия): 35 см (40-42), 35 см (44-46)Обхват талии (ширина изделия) : 33 см (40-42), 35 см (44-46)Длина рукава: 60 см (40-42), 62 см (44-46)Длина изделия: 97 см (40-42), 99 см (44-46)                                ', '2021-07-12 18:49:28', '2021-07-12 18:49:28'),
(32, 'Платье комбинация на лямках ', '\n			Арт. 100163\n\nАтласное платье-комбинация на бретелях. Платье, которое однозначно заслуживает быть избранным для встречи Нового года! Изысканные переливы при движении создают легкий образ и будоражат воображение. Накинь сверху любимый свитер или кардиган и образ станет менее официальным, но не менее ярким.\n\n• Классический крой\n• Свободный ворот\n• Тонкие бретельки\n• Длинна миди\n\nОБРАЗ:\n\nНадин:\nрост 165 см, размер: XS\n\nМодель брюнетка:\nРост 164 см, размер на модели: XS\n\nМодель брюнетка в изумрудном платье:\nРост 169 см, размер на модели: XS\n\nМодель блондинка:\nРост 170 см, размер на модели S		', '1790.00', 4, 'https://serovski.ru:443/upload/iblock/111/gqhtprq1o7s39hifwfokreef46zq2k3m.jpg', '100163', '\n                                    Ширина изделия на уровне обхвата груди: 42 см (XS), 44 см (S), 44,5 см (М)\nШирина изделия на уровне обхвата талии: 39 см (XS), 41 см (S), 42 см (М)\nШирина изделия на уровне обхвата бедер: 49 см (XS), 51 см (S), 52,5 см (М)\nДлина изделия: 103 см (XS), 105 см (S), 104,5 см (М)                                ', '2021-07-12 18:49:28', '2021-07-12 18:49:28'),
(33, 'Платье Лето', '\n			Арт. 100099\n\nПлатье с воланами из хлопковой ткани с пайетками. Воздушное и лёгкое, простое и свободное, дополненное красивой оборкой на подоле. В нем ты обязательно почувствуешь себя женственной и изящной! Резиночка на талии создаёт красивый силуэт, подчеркивая талию, а для яркого акцента добавь пояс, который идёт в комплекте \n\n• Свободный крой\n• Спущеные рукава\n• Глубокий вырез\n• Эластичный пояс\n• Съемный пояс в комплекте\n• Асимметричный подол\n• Оборка на подоле\n\nОБРАЗ:\n\nРост модели: 175\nРазмер на модели: 44		', '2990.00', 4, 'https://serovski.ru:443/upload/iblock/260/nynewoyrzubqzeb0obu6b1g2f0vp2xvj.jpg', '100099', '\n                                    Ширина изделия в районе обхвата груди: 42 см (44); 46 см (46); 48 см (48);\nШирина изделия в районе обхвата талии: 31 см (44); 36 см (46); 37 см (48);\nШирина изделия в районе обхвата бедер: 52 см (44); 53 см (46); 54 см (48);\nДлина изделия: 116 см (44); 116 см (46); 116 см (48);                                ', '2021-07-12 18:49:28', '2021-07-12 18:49:28'),
(34, 'Платье \"молния на спине\"', '\n			Арт. 100083\n\nИзящное платье с молнией на спине. Благодаря достаточно плотной ткани корректирует фигуру. \n\n• Круглый ворот\n• Облегающий крой\n• Плотная посадка\n• Длинные рукава\n• Классический крой\n• Застежка-молния\n• V-образный вырез на спине		', '2590.00', 4, 'https://serovski.ru:443/upload/iblock/986/al6dkfdcxrp0n77wf5mwpcf79boo4qk7.jpg', '100083', '\n                                    Обхват груди: 70 см (40); 74 см (42); 78 см (44); 82 см (46);Обхват талии: 62 см (40); 68 см (42); 73 см (44); 77 см (46);Обхват бедер: 74 см (40); 84 см (42); 88 см (44); 92 см (46);                                ', '2021-07-12 18:49:28', '2021-07-12 18:49:28'),
(35, 'Платье мини с поясом', '\n			Арт. 100107\n\nОблегающее платье со съемным поясом, в изумительном бежевом оттенке. Эластичная ткань красиво подчеркнёт твои изгибы, длинный рукав придётся кстати летними вечерами или в непогоду, а длина мини сделает твои ножки ещё длиннее и изящнее.⠀\n\nБазовая модель и оттенок позволяют экспериментировать с образом и добавлять яркие детали. Поэтому оно идеально подойдёт как в офис, так и на свидание.\n\n• Высокий ворот\n• Облегающий крой\n• Плотная посадка\n• Длинные рукава\n• Рукава реглан\n• Классический крой\n• Съемный пояс с тон с пряжкой\n\nОБРАЗ:\n\nРост модели: 175\nРазмер на модели: 42		', '3490.00', 4, 'https://serovski.ru:443/upload/iblock/075/bnu3g7pwshnrp8i0z72tsib9nuyrv88b.jpg', '100107', '\n                                    Обхват груди: 74 см (40), 78 см (42), 80 см (44), 84 см (46)Обхват талии: 60 см (40), 66 см (42), 76 см (44), 78 см (46)Обхват бедер: 82 см (40), 84 см (42), 90 см (44), 94 см (46)                                ', '2021-07-12 18:49:28', '2021-07-12 18:49:28'),
(36, 'Платье \"Моника\" ', '\n			Арт. 100166\n\nОбтягивающее платье с пышными рукавами. Поиски окончены - идеальное платье найдено! Объемные рукава - яркий тренд, который потрясающе сочетается с узким кроем, создавая романтический, женственный образ. Рукава можно как надеть на плечи, так и игриво спустить.\n\n• Открытые плечи\n• Спущенные плечи\n• Объемные рукава\n• Эластичные манжеты\n• Вырез сердечком\n• Застежка-молния\n• Облегающая модель\n\n\nОБРАЗ:\n\nНа Надин размер XS, рост 165 см\nНа модели размер XS, рост 169 см		', '2490.00', 4, 'https://serovski.ru:443/upload/iblock/6c8/th1gns7dih1hbjl3qgfp7vfrvejwashv.jpg', '100166', '\n                                    Ширина изделия в районе обхвата груди: 39 см (XS); 41 см (S); 43 см (M);\nШирина изделия в районе обхвата талии: 33 см (XS); 35 см (S); 37 см (M);\nШирина изделия в районе обхвата бедер: 43 см (XS); 45 см (S); 47 см (M);\nДлина изделия: 64 см (XS); 64 см (S); 64 см (M);\nДлина рукава: 60 см (XS); 60 см (S); 60 см (M);                                ', '2021-07-12 18:49:28', '2021-07-12 18:49:28'),
(37, 'Платье \"Милано\"', '\n			Арт. 100082\n\nПлатье «Милано». Простое, не перегруженное деталями, но, в тоже время, элегантное платье с воланами на одно плечо - настоящее платье мечты! \n\n• Стиль на одно плечо\n• Асимметричный ворот\n• Накладка-оборка\n• Приталенный дизайн со свободной юбкой\n• Застежка-молния\n\nОБРАЗ:\n\nРост модели: 169\nРазмер на модели: 42		', '2490.00', 4, 'https://serovski.ru:443/upload/iblock/f89/v56x5anbiov4tlzj9fou8y60b1geobof.jpg', '100082', '\n                                    Ширина изделия между крайними точками боковых швов:\n82,8 см (40), 84,2 см (42), 85,7 см (44), 87,1 см (46)\n\nШирина изделия на уровне обхвата груди:\n37,5 см (40), 39,5 см (42), 41,5 см (44), 43,5 см (46)\n\nШирина изделия на уровне обхвата талии (по поясу):\n27,8 см (40), 29,8 см (42), 31,8 см (44), 33,8 см (46)\n\nДлина изделия: 82,8 см (40), 84,2 см (42), 85,7 см (44), 87,1 см (46)                                ', '2021-07-12 18:49:28', '2021-07-12 18:49:28'),
(38, 'Платье миди с вырезом', '\n			Арт. 100106\n\nБелоснежное платье с изящным V-образным вырезом. Платье из плотного материала, который хорошо тянется и прекрасно подтягивает фигуру. Благодаря разрезу сзади, оно не стесняет движений и очень комфортное.\n\nБазовая модель и оттенок позволяют экспериментировать с образом и добавлять яркие детали. Поэтому оно идеально подойдёт как в офис, так и на свидание.\n\n• V-образный вырез\n• Облегающий крой\n• Плотная посадка\n• Длинные рукава\n• Классический крой\n• Разрез сзади\n\nОБРАЗ:\n\nРост модели: 175 см\nРазмер на модели: 42		', '1990.00', 4, 'https://serovski.ru:443/upload/iblock/8aa/e3h27lrsp1atukccz5zj0xk9imagy2hs.jpg', '100106', '\n                                    Обхват груди: 66 см (40), 72 см (42), 78 см (44), 84 см (46)\nОбхват талии: 60 см (40), 64 см (42), 68 см (44), 71 см (46)\nОбхват бедер: 72 см (40), 76 см (42), 72 см (44), 76 см (46)                                ', '2021-07-12 18:49:28', '2021-07-12 18:49:28'),
(39, 'Платье миди с открытыми плечами', '\n			Арт. 100108\n\nПлатье миди с открытыми плечами и изящным разрезом из трикотажа с люрексом. Красота не требует жертв, красота требует платьев от Nadin SEROVSKI. Платье из нашей вечерней коллекции красиво подчеркнёт твои достоинства. А блестящая ткань будет нереально сверкать в свете софитов! Элегантный чёрный, нежное шампанское или ослепительный серебристый - это платье создано чтобы покорять!\n\n• Открытые плечи\n• Рукава 3/4\n• Разрез сбоку\n• Облегающий крой\n• Юбка на запах со сборкой спереди\n\nОБРАЗ:\n\nМодели в золотом платье: \nРост: 169\nРазмер на модели: 42\n\nМодели в черном платье: \nРост: 165\nРазмер на модели: 42\n\nМодели в серебристом платье: \nРост: 169\nРазмер на модели: 42		', '2490.00', 4, 'https://serovski.ru:443/upload/iblock/747/78gasj1whs89gkpfdiqdril06m1mx7fw.jpg', '100108', '\n                                    Длина изделия: 137,7 см (40), 138,5 см (42), 139,4 см (44), 140,2 см (46)Длина рукава: 60 см (40), 60,3 см (42), 60,6 см (44), 60,9 см (46)Ширина рукава вверху: 13,3 см (40), 13,9 см (42), 14,5 см (44), 15 см (46)Ширина изделия под проймой: 39,5 см (40), 41,5 см (42), 43,5 см (44), 45,5 см (46)Ширина изделия на уровне обхвата бедер: 43 см (40), 45 см (42), 47 см (44), 49 см (46)                                ', '2021-07-12 18:49:28', '2021-07-12 18:49:28'),
(40, 'Халат', '\n			Арт. 100156\n\nИзысканный халат-кимоно из струящегося армани шелка. Восхищай и наслаждайся стильным образом даже дома\n\n• Длина мини\n• Заниженная линия плеч\n• Широкие рукава 3/4\n• Свободный крой\n• Пояс в комплекте		', '1290.00', 5, 'https://serovski.ru:443/upload/iblock/37a/ry4zyydj8zu4jw0efujxi1xw75xt2ogz.jpg', '100156', '\n                                    Длина рукава от плеча - 49 см (XS), 50 (S)Длина рукава от шва - 30 см (XS), 30 (S)Длина изделия - 100 см (XS), 98 (S)                                ', '2021-07-12 18:49:28', '2021-07-12 18:49:28'),
(41, 'Домашний костюм: топ + брюки', '\n			Арт. 100155\n\nШелковистый и мягкий домашний костюм из армани шелка: топ и брючки. Дома тоже можно (и нужно) выглядеть потрясающе! \n\n• V-образный вырез\n• Регулируемые бретельки\n• Свободный крой\n• Завышенная талия\n• Эластичный пояс\n\n\n		', '1990.00', 5, 'https://serovski.ru:443/upload/iblock/38b/m2gpudopm15srp3btsohpe9us37j5n6w.jpg', '100155', '\n                                    ТОП:Длина по боковому шву- 35,5 см (XS), 36 (S)Длина изделия - 41,5 см (XS), 43 (S)Ширина в районе обхвата груди - 46 см (XS), 46 (S)Ширина топа снизу - 52 см (XS), 52 (S)БРЮКИШирина резинки - 26 см (XS), 28 (S)Максимальное натяжение резинки - 47 см (XS), 48 (S)Длина брюк: 100 см (XS), 100 (S)Ширина штанины: 28,5 см (XS), 30 (S)Ширина изделия в раоне обхвата бедер: 54 см (XS), 55 (S)                                ', '2021-07-12 18:49:28', '2021-07-12 18:49:28'),
(42, 'Лиф + Шорты с воланами', '\n			Арт. 100190\n\nИзящный лиф на бретелях и классные шортики с воланами - даже дома можно (и нужно) выглядеть потрясающе\n\n• Лиф на бретельках\n• Регулируемые бретельки\n• Классический крой\n• Подходящие по стилю шорты\n• Завышенная талия\n• Эластичный пояс\n• Оборка по краю\n• Топ и шорты классического кроя		', '1690.00', 5, 'https://serovski.ru:443/upload/iblock/3c5/mjmzboct7zyf1fuz9vtlk97i8cvvifwo.jpg', '100190', '\n                                    Ширина изделия в районе обхвата груди - 29 см (XS), 32 (S), 33 (М)\nШирина изделия в районе обхвата талии - 27 см (XS), 29 (S), 30 (М)                                ', '2021-07-12 18:49:28', '2021-07-12 18:49:28'),
(43, 'Домашний костюм: блуза + шорты', '\n			Арт. 100159\n\nДомашний костюм: блуза и шорты из шелковистой атласной ткани.\n\n• Свободный крой\n• Спущенный плечевой шов\n• Укороченная длина блузы\n• Широкие рукава\n• Затягивающийся шнурок на манжетах и нижней кромке\n• Классический крой\n• Подходящие по стилю шорты\n• Завышенная талия\n• Эластичный пояс		', '1890.00', 5, 'https://serovski.ru:443/upload/iblock/89b/2mlvspy1pk3ybpu2toob60yeq1ak2ndu.jpg', '100159', '\n                                    БЛУЗАДлина рукава - 53 см (XS), 54 (S)Длина изделия - 43 см (XS), 43 (S)Ширина в районе обхвата груди - 48 см (XS), 51 (S)Ширина кофты снизу - 57 см (XS), 59 (S)ШОРТЫширина резинка - 27 см (XS), 28 (S)Максимальное натяжение резинки - 47 см (XS), 48 (S)Длина по боковому шву - 33 см (XS), 33 (S)                                ', '2021-07-12 18:49:28', '2021-07-12 18:49:28'),
(44, 'Комбинезон футер ', '\n			Арт. 100048\n\nКомбинезон из футера. Ты не захочешь с ним расставаться!\n\n• Прилегающий крой\n• Длинный фасон\n• Застежка на молнии\n• Пояс на резинке\n• Два накладных кармана на груди, 2 потайных кармана на бедрах\n• Эластичные манжеты		', '3400.00', 6, 'https://serovski.ru:443/upload/iblock/76e/n93c4qxmhnw15wztw9z3un6xmbqm49dm.jpg', '100048', '\n                                    Ширина изделия в районе обхвата груди: 46 см (40); 51 см (44); 53 см (46);\nШирина изделия в районе обхвата талии (резинка): 34 см (40); 34 см (44); 36 см (46);\nДлина рукава: 70 см (40); 72 см (44); 72 см (46);\nПлечи: 65 см (40); 70 см (44); 71 см (46);\nШирина изделия в районе обхвата бедер: 40 см (40); 43 см (44); 44 см (46);\nДлина брюк с внутренней стороны: 75 см (40); 76 см (44); 77 см (46);\nДлина брюк от пояса по внешней части: 102 см (40); 102 см (44); 103 см (46);\nДлина изделия от ворота: 148 см (40); 148 см (44); 150 см (46);                                ', '2021-07-12 18:49:28', '2021-07-12 18:49:28'),
(45, 'Шорты джинсовые', '\n			Арт. 100008\n\nКороткие джинсовые шорты с высокой посадкой и необработанным нижнем краем. Носи с укороченными топами и любимыми футболками.\n\n• Высокая посадка\n• Необработанный нижний край\n• Свободный силует\n• 2 боковых и 2 задних кармана\n• Застежка на молнию и пуговицу\n• Небольшие разрезы по бокам\n\nОБРАЗ:\nРост модели: 169 см\nРазмер на модели: 42\n		', '1990.00', 7, 'https://serovski.ru:443/upload/iblock/9dc/8b2370ax0vsj0jv7kw2xvht7e6117q3c.jpg', '100008', '\n                                    Обхват талии: 72 см (40), 74 см (42), 76 см (44), 78 см (46), 80 см (48)\nОбхват бедер: 88 см (40), 90 см (42), 92 см (44), 94 см (46), 96 см (48)\nДлина изделия: 36 см (40), 36 см (42), 36 см (44), 36 см (46), 36 см (48)                                ', '2021-07-12 18:49:28', '2021-07-12 18:49:28'),
(46, 'Брюки Палаццо', '\n			Арт. 100189\n\nКомфортные широкие брюки с высокой посадкой для твоих элегантных летних образов\n\n• Высокая талия\n• С защипами спереди\n• Застежка на молнию и пуговицу\n• Два боковых кармана \n• Широкие штанины\n• Классическая посадка в области талии		', '3190.00', 7, 'https://serovski.ru:443/upload/iblock/108/lvjufpcpr372hk7v8a4lu9moeyu9u8pe.jpg', '100189', '\n                                    Длина брюк по боковому шву с поясом: 111,4 см (XS); 111,9 см (S); 112,3 см (M);\nШирина брюк на уровне обхвата бедер (с закрытыми складками): 43,6 см (XS); 45,6 см (S); 47,6 см (M);\nДлина брюк по шаговому шву: 81,9 см (XS); 82 см (S); 82 см (M);\nШирина брюк внизу: 38,2 см (XS); 39,2 см (S); 40,2 см (M);\nШирина брюк вверху: 30,3 см (XS); 32,4 см (S); 34,5 см (M);\n                                ', '2021-07-12 18:49:28', '2021-07-12 18:49:28'),
(47, 'Пальто со спущенным плечом', '\n			Арт. 100143\n\nПолушерстяное пальто прямого кроя со спущенной линией плеча и двумя большими накладными карманами. Красиво, не значит холодно! В наших пальто встречать непогоду гораздо приятнее.\n\n• Свободный крой\n• Английский воротник\n• Лацканы с разрезами\n• Спущенные рукава\n• Застежка на пуговицы\n• Пояс в комплекте\n• Два накладных кармана\n• Длина миди		', '6490.00', 8, 'https://serovski.ru:443/upload/iblock/fa4/9p57z1japd719b4p9rb6oj1svbiooyc8.jpg', '100143', '\n                                    Обхват груди: 90см (40), 94 см (42), 98 см (44), 102 см (46)Обхват талии: 94 см (40), 96 см (42), 106 см (44), 102 см (46)Обхват бедер: 94 см (40), 100 см (42), 106 см (44), 104 см (46)Длина рукава: 71 см (40), 73 см (42), 73 см (44), 73 см (46)Длина изделия: 115 см (40), 115 см  (42), 115 см (44), 115 см (46)                                ', '2021-07-12 18:49:28', '2021-07-12 18:49:28'),
(48, 'Пальто Oversize', '\n			Арт. 100142\n\nТрендовое пальто в стиле Oversize. Выполнено из вязаного трикотажа с добавлением шерсти.\n\n• Свободный крой\n• Английский воротник\n• Лацканы с разрезами\n• Спущенные рукава\n• Застежка на пуговицы\n• Пояс в комплекте\n• Два накладных кармана\n		', '6490.00', 8, 'https://serovski.ru:443/upload/iblock/2b2/19upthg0c5e997telqja591yu3wpxb0m.jpg', '100142', '\n                                    Ширина изделия в районе обхвата груди: 66 см (40), 66 см (42), 66 см (44)Ширина изделия в районе обхвата талии: 56 см (40), 57 см (42), 57 см (44)Ширина изделия в районе обхвата бедер: 51 см (40), 53 см (42), 54 см (44)Длина рукава: 71 см (40), 71 см (42), 72 см (44)Длина изделия: 100 см (40), 102 см  (42), 104 см (44)                                ', '2021-07-12 18:49:28', '2021-07-12 18:49:28'),
(49, 'Тренч Винтаж', '\n			Арт. 100148\n\nДвубортный тренч свободного кроя без подкладки. Легкий и элегантный, он станет отличным дополнением к твоим тёплым образам.\n\n• Свободный крой\n• Декоративные погоны на плечах\n• Лацканы с разрезами\n• Спущенный рукав\n• Широкие рукава\n• Длина миди\n• Застежка на пуговицах\n• Пояс в комплекте с круглой пряжкой \n• Детали на рукавах\n• Два боковых кармана\n\nОБРАЗ:\n\nРазмер на модели: 42\nРост модели: 169 см 		', '3500.00', 8, 'https://serovski.ru:443/upload/iblock/b71/0x5oktz0lr0wnxpmvgqsstms6lh8e8uv.jpg', '100148', '\n                                    Обхват груди: 96 см (42), 102 см (44), 108 см (46)Обхват талии: 98 см (42), 102 см (44), 106 см (46)Обхват бедер: 104 см (42), 108 см (44), 112 см (46)Длина рукава: 54 см (42), 56 см (44), 58 см (46)Длина изделия: 103 см (42), 103 см (44), 103 см (46)                                ', '2021-07-12 18:49:28', '2021-07-12 18:49:28'),
(50, 'Тренч Классика', '\n			Арт. 100147\n\nДвубортный тренч классического силуэта без подкладки. Несравненная классика, которая всегда в моде! Легкий и элегантный, он станет отличным дополнением к твоим тёплым образам.\n\n• Оутлетная кокетка\n• Классический крой\n• Длина миди\n• Застежка на пуговицах\n• Пояс в комплекте\n• Два боковых кармана\n\nОБРАЗ:\nРазмер на модели: 42\nРост модели: 169 см\n\nМодель Plus Size: \nРазмер на модели: 46\nРост модели: 162 см		', '3500.00', 8, 'https://serovski.ru:443/upload/iblock/687/xekwhto7xvhbcqtolxvmg55npb7ky99n.jpg', '100147', '\n                                    Обхват груди: 92 см (42), 96 см (44), 100 см (46)Обхват талии: 88 см (42), 94 см (44), 100 см (46)Обхват бедер: 104 см (42), 108 см (44), 112 см (46)Длина рукава: 60 см (42), 60 см (44), 60 см (46)Длина изделия: 106 см (42), 106 см (44), 106 см (46)                                ', '2021-07-12 18:49:28', '2021-07-12 18:49:28'),
(51, 'Пальто', '\n			Арт. 100016\n\nКлассическое двубортное пальто. Данный крой мало подвержен сезонным веяниям и выступает одним из главных элементов статусного осенне-весеннего гардероба.Базовые цвета пальто делают его идеальным «верхним слоем» для любого образа (формального, вечернего, casual).Синтетические компоненты в составе повышают износоустойчивость и прочность шерстяной ткани, делают ее более комфортной и приятной при носке. Пальто отлично держит форму, не вытягивается, не покрывается катышками, благодаря правильному уходу несколько сезонов выглядит так же, как в день покупки.\n\n• Кокетка и английский воротник\n• Длина миди\n• Застежка на пуговицах\n• Пояс в комплекте\n• Изделие на подкладке\n• Детали на рукавах\n\nРекомендованный температурный режим от -5 °C до +10 °C. \n		', '7490.00', 8, 'https://serovski.ru:443/upload/iblock/d60/vtcd9e4wrqsz1tizgt097xmtcyebd792.jpg', '100016', '\n                                    Обхват груди: 99,5 см (40), 104 см (42), 108 см (44), 112 см (46), 116 см (48)\nОбхват бедер: 103 см (40), 107 см (42), 111 см (44), 115 см (46), 119 см (48)\nДлина рукава: 63 см (40), 63 см (42), 63 см (44), 63 см (46), 63 см (48)\nДлина изделия: 114 см (40), 114 см  (42), 114 см (44), 114 см (46), 114 см (48)\nДопуск +-2 см                                ', '2021-07-12 18:49:28', '2021-07-12 18:49:28');
INSERT INTO `products` (`id`, `name`, `description`, `price`, `category_id`, `image`, `vendor_code`, `characteristics`, `created_at`, `updated_at`) VALUES
(52, 'Тренч', '\n			Арт. 100018\n\nДвубортный плащ-тренч классического силуэта. Ткань обладает усиленной стойкостью окраски, выдерживает воздействие солнечных лучей без выгорания цвета. Имеет специальную водоотталкивающую пропитку, которая хорошо защищает от изморози и обеспечивает максимальный комфорт в непогоду. Благодаря сбалансированному количеству хлопка и нейлона в составе тренч устойчив к сминанию, более долговечен и износостойкий.\n\nИдеальный вариант для тех дней, когда уже не жарко, но еще не холодно.\n\n• Оутлетная кокетка\n• Декоративные погоны на плечах\n• Длина миди\n• Застежка на пуговицах\n• Пояс в комплекте\n• Изделие на подкладке\n• Детали на рукавах\n\nРекомендованный температурный режим от +10 °C до +20 °C.\n\nРазмер на модели: 42\nРост модели: 169 см \n		', '5990.00', 8, 'https://serovski.ru:443/upload/iblock/7d6/04c9tpxsvrmfl59ec61rqby3vvkivuq6.jpg', '100018', '\n                                    Обхват груди: 101 см (XS), 105 см (S), 109 см (M), 113 см (L)\nОбхват бедер: 104,5 см (XS), 108,6 см (S), 112,5 см (M), 116,5 см (L)\nДлина рукава: 63 см (XS), 63 см (S), 63 см (M), 63 см (L)\nДлина изделия: 101,5 см (XS), 102 см (S), 101,5 см (M), 101,5 см (L)\nДопуск +-2 см                                ', '2021-07-12 18:49:28', '2021-07-12 18:49:28'),
(53, 'Свитер с высоким воротником', '\n			Арт. 100150\n\nСвитер oversize с высоким воротником. Однотонный свитер представлен в шести трендовых ярких оттенках! Носи с любимыми джинсами, наслаждаясь теплом и комфортом.\n\n• Свободный фасон oversize\n• Воротник-стойка в рубчик\n• Заниженная линия плеч\n• Манжеты и нижняя кромка в рубчик\n• Широкие рукава		', '1990.00', 9, 'https://serovski.ru:443/upload/iblock/0a4/qhwc3u1yvvufjogajtaaiytpipc1ypi0.jpg', '100150', '\n                                    Обхват груди (ширина изделия): 52 см (40-44), 60 см (46-48)Длина рукава от предплечья: 74 см (40-44), 82 см (46-48)Длина изделия (без ворота): 55 см (40-44), 57 см (46-48)Длина изделия (с воротом): 67 см (40-44), 68 см (46-48)                                ', '2021-07-12 18:49:28', '2021-07-12 18:49:28'),
(54, 'Свитер с V-образным вырезом', '\n			Арт. 100149\n\nСерый свитер с V-образным вырезом с контрастными белыми полосами на горловине. \n\n• Свободный фасон oversize\n• Крупная вязка\n• V-образный вырез\n• Заниженная линия плеч\n• Контрастные белые полосы на гарловине\n• Манжеты и нижняя кромка в рубчик\n• Широкие рукава\n\nОБРАЗ\n\nРост модели: 169 см\nРазмер на модели: 42\n\n\n		', '1790.00', 9, 'https://serovski.ru:443/upload/iblock/4a8/y9ezj5ox9egpjagxm6xb8td29b4yhurv.jpg', '100149', '\n                                    Обхват груди (ширина изделия):  51 см (40-44); 60 см (46)Обхват талии (ширина изделия) : 47 см (40-44); 52 см (46)Длина рукава: 61 см (40-44); 65 см (46)Длина изделия: 64 см (40-44); 77 см (46)                                ', '2021-07-12 18:49:28', '2021-07-12 18:49:28'),
(55, 'Кардиган длинный ', '\n			Арт. 100113\n\nВстречайте - длинный кардиган. Такой комфортный и стильный! Крупная вязка, свободные рукава с широкой манжетой и длина по щиколотку - это определено тренд этой осени 		', '3990.00', 9, 'https://serovski.ru:443/upload/iblock/8ed/jmb5enq63bxyf1lwb7jg41osgaef05tf.jpg', '100113', '\n                                    Длина изделия:\nКардиган молочный -135 см,\nКардиган розовый -140 см,\nКардиган моккачино -140 см                                ', '2021-07-12 18:49:28', '2021-07-12 18:49:28'),
(56, 'Женская водолазка ', '\n			Арт. 100175\n\nВодолазка из мягкого трикотажа лапша, отлично тянется и изящно облегает фигуру. Она не мнется, практически не растягивается и не садится со временем. А ещё водолазка стройнит и очень комфортна к телу. Она максимально универсальна и ты сможешь носить ее с чем угодно! Особенно идеально они смотрятся с джинсами и пальто от SEROVSKI.\n\n• Высокий ворот\n• Облегающий крой\n• Длинные рукава\n• Рукава реглан\n• Классический крой		', '1290.00', 9, 'https://serovski.ru:443/upload/iblock/933/9m8e1hv2qgzn0mn8e2m73v2377rx6ua2.jpg', '100175', '\n                                    Ширина изделия в районе обхвата груди: 36 см (XS), 37 см (S), 38 см (M)\nШирина изделия в районе обхвата талии: 32 см (XS), 33 см (S), 35 см (M);\nШирина изделия по низу: 37 см (XS), 39 см (S), 41 см (M)\nДлина рукава от горла: 74 см (XS), 77 см (S), 77 см (M)\nДлина изделия: 63 см (XS), 64 см (S), 65 см (M)                                ', '2021-07-12 18:49:28', '2021-07-12 18:49:28'),
(57, 'Вязаное худи с капюшоном ', '\n			Арт. 100160\n\nТвоя любимая теплая кофта.\n\n• Свободный фасон\n• Капюшон\n• Заниженная линия плеч\n• Надевается через голову\n• Перед и спинка с широким притачным поясом\n• Манжеты и нижняя кромка в рубчик\n\nОБРАЗ:\n\nРазмер на модели: 42-44\nРост модели: 169 см\n		', '1990.00', 9, 'https://serovski.ru:443/upload/iblock/535/g1qy2hlktyfrww0xji0umya2or9rhksu.jpg', '100160', '\n                                    Обхват груди (ширина изделия): 51,5 см\nДлина изделия спереди: 52 см\nДлина изделия сзади: 59 см\nДлина рукава от шва: 54 см\nДлина рукава от предплечья: 59 см                                ', '2021-07-12 18:49:28', '2021-07-12 18:49:28'),
(58, 'Водолазка без рукавов', '\n			Арт. 100146\n\nВодолазка без рукавов с высоким воротником.\n\n• Классический крой\n• Высокий ворот\n• Без рукавов		', '1290.00', 9, 'https://serovski.ru:443/upload/iblock/f9c/7d3c3a1yviwzyq8y0ng6otzw18ctf1ep.jpg', '100146', '\n                                    Обхват груди (ширина изделия): 40 см Обхват талии (ширина изделия) : 36 см )Ширина изделия снизу : 42 см )Длина изделия: 55 см                                ', '2021-07-12 18:49:28', '2021-07-12 18:49:28'),
(59, 'Водолазка укороченная на молнии ', '\n			Арт. 100112\n\nУкороченная водолазка из мягкого трикотажа лапша, отлично тянется и изящно облегает фигуру. Тонкая, но одновременно тёплая, и невероятно приятная к телу - она тебе просто необходима! Водолазка не мнется, практически не растягивается и не садится со временем. А ещё стройнит и очень комфортна к телу.\n\n• Круглый вырез\n• Облегающий крой\n• Укорочнная модель\n• Застежка молния\n• Длинные рукава\n• Классический крой		', '1190.00', 9, 'https://serovski.ru:443/upload/iblock/0a1/hlvstpl3irw2f9jq7ld0bqyztxwdhj2o.jpg', '100112', '\n                                    Ширина изделия под проймой: 35,5 см (40), 37,5 см (42), 39,5 см (44), 41,5 см (46)Ширина изделия по низу: 26 см (40), 28 см (42), 30 см (44), 32 см (46)Ширина рукава вверху: 12,2 см (40), 12,8 см (42), 13,4 см (44), 14,1 см (46)Ширина рукава внизу: 7,9 см (40), 8,1 см (42), 8,2 см (44), 8,4 см (46)Длина изделия: 34,8 см (40), 35,2 см (42), 35,6 см (44), 36 см (46)                                ', '2021-07-12 18:49:28', '2021-07-12 18:49:28'),
(60, 'Кардиган на пуговицах', '\n			Арт. 100145\n\nПочувствуй тепло в нашем уютном и стильном кардигане на пуговицах. \n\n• Модель в стиле oversized\n• V-образный вырез\n• Планка на пуговицах\n• Свободный крой\n• Длинные рукава\n• Заниженная линия плеч\n• Широкие рукава\n• Манжеты и нижняя кромка в рубчик		', '2490.00', 9, 'https://serovski.ru:443/upload/iblock/66b/jw86ejbvqhd5xjqqmoaf1whkbwnqwh6g.jpg', '100145', '\n                                    Ширина изделия в районе обхвата груди: 46 см (40-42); 49 см (44-46)Ширина изделия в районе обхвата талии: 43 см (40-42); 46 см (44-46)Длина изделия: 61 см (40-42); 61 см (44-46)Длина рукава (от ворота): 66 см (40-42); 66 см (44-46)                                ', '2021-07-12 18:49:28', '2021-07-12 18:49:28'),
(61, 'Джинсы skinny', '\n			Арт. 100039\n\nБелые джинсы skinny. Облегающие джинсы, выполненные из эластичного денима, выгодно подчеркивают фигуру. Идеальная база для стильного и комфортного образа.\n\n• Эластичный деним\n• Высокая посадка\n• Зауженный крой.\n• Модель с пятью карманами\n• Застежка на молнию и пуговицу\n• Длина до щиколотки\n\nРазмер на модели: 42\nРост модели: 165 см\n\nОбраз дополнен: футболка oversize (арт. 100126)		', '2790.00', 10, 'https://serovski.ru:443/upload/iblock/acd/enxbf7nnta13dajyd8cro9hdfvwouzr8.jpg', '100039', '\n                                    Обхват талии: 58 см (40), 60 см (42), 62 см (44), 66 см (46), 66 см (48)Обхват бедер: 84 см (40), 86 см (42), 88 см (44), 90 см (46), 92 см (48)Длина брюк по внешнему шву: 93 см (40), 95 см (42), 97 см (44), 97 см (46), 97 см (48)                                ', '2021-07-12 18:49:28', '2021-07-12 18:49:28'),
(62, 'Джинсы  MOM', '\n			Арт. 100036\n\nДжинсы MOM\n\n• Прямой фасон\n• Завышенная талия\n• Модель с пятью карманами\n• Застежка на молнию и пуговицу\n• Длина до щиколотки\n\nОБРАЗ:\n\nРост Нади: 165 см\nРазмер: 44\n\nРост модели: 169 см\nРазмер: 40\n\nОбраз с черными джинсами дополнен: укороченной водолазкой на молнии (арт. 100112)\nОбраз с синими джинсами дополнен: водолазкой без рукавов (арт. 100146)		', '3290.00', 10, 'https://serovski.ru:443/upload/iblock/b7a/grf8cgq5y7wvf9rnnoij2xvsk3tx5xd4.jpg', '100036', '\n                                    Обхват талии: 64-66 см (40), 66-68 см (42), 70-72 см (44), 72-74 см (46), 74-76 см (50)Обхват бедер: 90-92 см (40), 92-94 см (42), 94-96 см (44), 110-112 см (46), 112-114 см (50)                                ', '2021-07-12 18:49:28', '2021-07-12 18:49:28'),
(63, 'Джинсы с ремнём', '\n			Арт. 100044\n\nДжинсы со съемным ремнем. \n\n• Прямой фасон\n• Завышенная талия\n• Модель с четырьмя карманами\n• Два больших накладных кармана спереди\n• Съемный джинсовый пояс с металлической пряжкой\n• Застежка на молнию и пуговицу\n• Длина до щиколотки\n\nОБРАЗ:\nРост модели: 169\nРазмер на модели: 42\n\nОбраз дополнен: боди (арт. 100151)\n\nРост модели Plus Size: 162\nРазмер на модели: 48\n\nОбраз дополнен:футболка oversize (арт. 100126)		', '3190.00', 10, 'https://serovski.ru:443/upload/iblock/2b5/a1ht0mvh3ti5xayfracc4uqz3wvgwpe9.jpg', '100044', '\n                                    Обхват талии: 76 см (40), 78 см (42), 82 см (44), 86 см (46), 90 см (48)Обхват бедер: 100 см (40), 104 см (42), 106 см (44), 108 см (46), 110 см (48)Длина брюк по внешнему шву: 100 см (40), 101 см (42), 100 см (44), 106 см (46), 100 см (48)Длина шагового шва: 60 см (40), 60 см (42), 60 см (44), 66 см (46), 66 см (48)Обхват ноги: 50 см (40), 52 см (42), 52 см (44), 52 см (46), 52 см (48)                                ', '2021-07-12 18:49:28', '2021-07-12 18:49:28'),
(64, 'Джинсы slouchy', '\n			Арт. 100040\n\nДжинсы slouchy -твои любимые джинсы! Свободные в бедрах и узкие в талии, они создают красивый женственный силует и подходят практически всем типам фигуры. Отлично сочетаются с яркими кроп-топами, выгодно подчеркивая талию. Носи их с любимыми кедами или элегантными туфлями на высоком каблуке.\n\n• Свободный крой\n• Суженные к низу штанины\n• Завышенная талия\n• Высокая посадка, защипы и кокетка акцентируют талию\n• Модель с пятью карманами\n• Застежка на молнию и пуговицу		', '2990.00', 10, 'https://serovski.ru:443/upload/iblock/486/dszvq440460emycdl6zajqa5lang5ruy.jpg', '100040', '\n                                    Данная модель немного большемерит, рекомендуем взять на один-два размера меньше.Обхват талии: 72 см (42), 74 см (44), 76 см (46), 78 см (48), 80 см (50)Обхват бедер: 108 см (42), 112 см (44), 116 см (46), 120 см (48), 124 см (50)Длина по внешнему шву: 97 см (42), 97 см (44), 97 см (46), 97 см (48), 97 см (50)Высота посадки спереди: 34 см (42), 34 см (44), 34 см (46), 34 см (48), 34 см (50)                                ', '2021-07-12 18:49:28', '2021-07-12 18:49:28'),
(65, 'Худи oversize', '\n			Арт. 100153\n\nХуди oversize с капюшоном из плотного и мягкого футера с начесом, настолько классное, что ты не захочешь с ним расставаться! Дополнит образы со спортивными брюками, стильными легинсами и любимыми джинсами. \n\n• Фирменный логотип\n• Очень свободный крой\n• Модель в стиле oversized\n• Капюшон\n• Заниженная линия плеч\n• Боковые карманы\n• Перед и спинка с широким притачным поясом\n• Манжеты и нижняя кромка в рубчик\n\nОБРАЗ:\nМодель блондинка: рост 175 см\nМодель брюнетка: рост 169 см		', '3990.00', 11, 'https://serovski.ru:443/upload/iblock/1b4/i0go08oiprv9oecwcg450giyqv3884uk.jpg', '100153', '\n                                    Длина рукава от капюшона: 80 смДлина рукава от шва: 53 смШирина изделия: 70 смДлина изделия: 75 см                                ', '2021-07-12 18:49:28', '2021-07-12 18:49:28');

-- --------------------------------------------------------

--
-- Table structure for table `product_lists`
--

CREATE TABLE `product_lists` (
  `id` bigint(20) UNSIGNED NOT NULL,
  `order_id` int(10) UNSIGNED DEFAULT NULL,
  `product_id` int(10) UNSIGNED DEFAULT NULL,
  `created_at` timestamp NULL DEFAULT NULL,
  `updated_at` timestamp NULL DEFAULT NULL
) ENGINE=InnoDB DEFAULT CHARSET=utf8;

--
-- Indexes for dumped tables
--

--
-- Indexes for table `categories`
--
ALTER TABLE `categories`
  ADD PRIMARY KEY (`id`);

--
-- Indexes for table `migrations`
--
ALTER TABLE `migrations`
  ADD PRIMARY KEY (`id`);

--
-- Indexes for table `orders`
--
ALTER TABLE `orders`
  ADD PRIMARY KEY (`id`);

--
-- Indexes for table `products`
--
ALTER TABLE `products`
  ADD PRIMARY KEY (`id`),
  ADD KEY `products_category_id_foreign` (`category_id`);

--
-- Indexes for table `product_lists`
--
ALTER TABLE `product_lists`
  ADD PRIMARY KEY (`id`);

--
-- AUTO_INCREMENT for dumped tables
--

--
-- AUTO_INCREMENT for table `categories`
--
ALTER TABLE `categories`
  MODIFY `id` bigint(20) UNSIGNED NOT NULL AUTO_INCREMENT, AUTO_INCREMENT=12;

--
-- AUTO_INCREMENT for table `migrations`
--
ALTER TABLE `migrations`
  MODIFY `id` int(10) UNSIGNED NOT NULL AUTO_INCREMENT, AUTO_INCREMENT=5;

--
-- AUTO_INCREMENT for table `orders`
--
ALTER TABLE `orders`
  MODIFY `id` bigint(20) UNSIGNED NOT NULL AUTO_INCREMENT;

--
-- AUTO_INCREMENT for table `products`
--
ALTER TABLE `products`
  MODIFY `id` bigint(20) UNSIGNED NOT NULL AUTO_INCREMENT, AUTO_INCREMENT=66;

--
-- AUTO_INCREMENT for table `product_lists`
--
ALTER TABLE `product_lists`
  MODIFY `id` bigint(20) UNSIGNED NOT NULL AUTO_INCREMENT;

--
-- Constraints for dumped tables
--

--
-- Constraints for table `products`
--
ALTER TABLE `products`
  ADD CONSTRAINT `products_category_id_foreign` FOREIGN KEY (`category_id`) REFERENCES `categories` (`id`) ON DELETE CASCADE;
COMMIT;

/*!40101 SET CHARACTER_SET_CLIENT=@OLD_CHARACTER_SET_CLIENT */;
/*!40101 SET CHARACTER_SET_RESULTS=@OLD_CHARACTER_SET_RESULTS */;
/*!40101 SET COLLATION_CONNECTION=@OLD_COLLATION_CONNECTION */;
